{
  "hash": "ceda3d3d",
  "configHash": "55777080",
  "lockfileHash": "8c62ced6",
  "browserHash": "3a581397",
  "optimized": {
    "@angular/common": {
      "src": "../../../../../../node_modules/@angular/common/fesm2022/common.mjs",
      "file": "@angular_common.js",
      "fileHash": "c886dbf7",
      "needsInterop": false
    },
    "@angular/common/http": {
      "src": "../../../../../../node_modules/@angular/common/fesm2022/http.mjs",
      "file": "@angular_common_http.js",
      "fileHash": "0ed9a4c3",
      "needsInterop": false
    },
    "@angular/core": {
      "src": "../../../../../../node_modules/@angular/core/fesm2022/core.mjs",
      "file": "@angular_core.js",
      "fileHash": "859357c8",
      "needsInterop": false
    },
    "@angular/forms": {
      "src": "../../../../../../node_modules/@angular/forms/fesm2022/forms.mjs",
      "file": "@angular_forms.js",
      "fileHash": "8086796d",
      "needsInterop": false
    },
    "@angular/platform-browser": {
      "src": "../../../../../../node_modules/@angular/platform-browser/fesm2022/platform-browser.mjs",
      "file": "@angular_platform-browser.js",
      "fileHash": "e1b64802",
      "needsInterop": false
    },
    "@angular/router": {
      "src": "../../../../../../node_modules/@angular/router/fesm2022/router.mjs",
      "file": "@angular_router.js",
      "fileHash": "12faf9b8",
      "needsInterop": false
    },
    "rxjs": {
      "src": "../../../../../../node_modules/rxjs/dist/esm5/index.js",
      "file": "rxjs.js",
      "fileHash": "7d9959cd",
      "needsInterop": false
    }
  },
  "chunks": {
    "chunk-JUUM2L6A": {
      "file": "chunk-JUUM2L6A.js"
    },
    "chunk-EABPMJNA": {
      "file": "chunk-EABPMJNA.js"
    },
    "chunk-354KROLL": {
      "file": "chunk-354KROLL.js"
    },
    "chunk-ZAZBQFOJ": {
      "file": "chunk-ZAZBQFOJ.js"
    },
    "chunk-6EXQV4WU": {
      "file": "chunk-6EXQV4WU.js"
    }
  }
}